{"auc": 0.6709699107205895, "threshold": 0.17999999999999997}