{
  "split": {
    "train": "1987\u20132013",
    "validation": "2014\u20132015",
    "test": "2021\u20132022"
  },
  "validation_set": {
    "LightGBM": {
      "threshold": 0.6999999999999996,
      "auc": 0.898755972350006,
      "accuracy": 0.9438824662813102,
      "f1": 0.785451197053407
    },
    "CatBoost": {
      "threshold": 0.5999999999999998,
      "auc": 0.8979593599240188,
      "accuracy": 0.9403901734104047,
      "f1": 0.7726228755167661
    },
    "XGBoost": {
      "threshold": 0.6799999999999997,
      "auc": 0.8974784763229738,
      "accuracy": 0.9478564547206165,
      "f1": 0.7977580569827183
    }
  },
  "test_set": {
    "LightGBM": {
      "threshold": 0.7299999999999996,
      "auc": 0.9190371815690327,
      "accuracy": 0.9533364442370509,
      "f1": 0.8360655737704917
    },
    "CatBoost": {
      "threshold": 0.6199999999999998,
      "auc": 0.9125297651521473,
      "accuracy": 0.9514699020065329,
      "f1": 0.8311688311688311
    },
    "XGBoost": {
      "threshold": 0.8499999999999996,
      "auc": 0.9219936394036058,
      "accuracy": 0.9566028931404573,
      "f1": 0.845771144278607
    }
  },
  "best_model_validation": "LightGBM",
  "best_model_test": "XGBoost"
}